[
{"type":"header","version":"5.0.2","comment":"Export to JSON plugin for PHPMyAdmin"},
{"type":"database","name":"u1081260_cabinet"},
{"type":"table","name":"paragraph__field_stage","database":"u1081260_cabinet","data":
[
{"bundle":"project_stages","deleted":"0","entity_id":"28","revision_id":"28","langcode":"ru","delta":"0","field_stage_value":"В процессе"},
{"bundle":"project_stages","deleted":"0","entity_id":"43","revision_id":"43","langcode":"ru","delta":"0","field_stage_value":"В процессе.\r\nДело находится в суде по незаконному отказу в регистрации + подан встречный иск.\r\n"},
{"bundle":"project_stages","deleted":"0","entity_id":"53","revision_id":"53","langcode":"ru","delta":"0","field_stage_value":"В процессе"},
{"bundle":"project_stages","deleted":"0","entity_id":"65","revision_id":"65","langcode":"ru","delta":"0","field_stage_value":"В процессе"},
{"bundle":"project_stages","deleted":"0","entity_id":"73","revision_id":"73","langcode":"ru","delta":"0","field_stage_value":"В процессе"},
{"bundle":"project_stages","deleted":"0","entity_id":"85","revision_id":"85","langcode":"ru","delta":"0","field_stage_value":"В процессе"},
{"bundle":"project_stages","deleted":"0","entity_id":"99","revision_id":"99","langcode":"ru","delta":"0","field_stage_value":"В процессе"},
{"bundle":"project_stages","deleted":"0","entity_id":"116","revision_id":"116","langcode":"ru","delta":"0","field_stage_value":"В процессе"},
{"bundle":"project_stages","deleted":"0","entity_id":"130","revision_id":"130","langcode":"ru","delta":"0","field_stage_value":"В процессе"},
{"bundle":"project_stages","deleted":"0","entity_id":"143","revision_id":"143","langcode":"ru","delta":"0","field_stage_value":"В процессе"},
{"bundle":"project_stages","deleted":"0","entity_id":"156","revision_id":"156","langcode":"ru","delta":"0","field_stage_value":"В процессе"},
{"bundle":"project_stages","deleted":"0","entity_id":"181","revision_id":"181","langcode":"ru","delta":"0","field_stage_value":"В процессе"},
{"bundle":"project_stages","deleted":"0","entity_id":"194","revision_id":"194","langcode":"ru","delta":"0","field_stage_value":"В процессе"},
{"bundle":"project_stages","deleted":"0","entity_id":"207","revision_id":"207","langcode":"ru","delta":"0","field_stage_value":"В процессе"},
{"bundle":"project_stages","deleted":"0","entity_id":"220","revision_id":"220","langcode":"ru","delta":"0","field_stage_value":"В процессе"},
{"bundle":"project_stages","deleted":"0","entity_id":"240","revision_id":"240","langcode":"ru","delta":"0","field_stage_value":"В процессе"},
{"bundle":"project_stages","deleted":"0","entity_id":"259","revision_id":"259","langcode":"ru","delta":"0","field_stage_value":"В процессе"},
{"bundle":"project_stages","deleted":"0","entity_id":"272","revision_id":"272","langcode":"ru","delta":"0","field_stage_value":"В процессе"},
{"bundle":"project_stages","deleted":"0","entity_id":"285","revision_id":"285","langcode":"ru","delta":"0","field_stage_value":"В процессе"},
{"bundle":"project_stages","deleted":"0","entity_id":"298","revision_id":"298","langcode":"ru","delta":"0","field_stage_value":"В процессе"},
{"bundle":"project_stages","deleted":"0","entity_id":"311","revision_id":"311","langcode":"ru","delta":"0","field_stage_value":"В процессе"},
{"bundle":"project_stages","deleted":"0","entity_id":"329","revision_id":"329","langcode":"ru","delta":"0","field_stage_value":"В процессе"},
{"bundle":"project_stages","deleted":"0","entity_id":"342","revision_id":"342","langcode":"ru","delta":"0","field_stage_value":"В процессе"},
{"bundle":"project_stages","deleted":"0","entity_id":"368","revision_id":"368","langcode":"ru","delta":"0","field_stage_value":"В процессе"},
{"bundle":"project_stages","deleted":"0","entity_id":"415","revision_id":"415","langcode":"ru","delta":"0","field_stage_value":"В процессе"},
{"bundle":"project_stages","deleted":"0","entity_id":"425","revision_id":"425","langcode":"ru","delta":"0","field_stage_value":"В процессе"},
{"bundle":"project_stages","deleted":"0","entity_id":"458","revision_id":"458","langcode":"ru","delta":"0","field_stage_value":"В процессе"},
{"bundle":"project_stages","deleted":"0","entity_id":"479","revision_id":"479","langcode":"ru","delta":"0","field_stage_value":"В процессе"},
{"bundle":"project_stages","deleted":"0","entity_id":"506","revision_id":"506","langcode":"ru","delta":"0","field_stage_value":"В процессе"},
{"bundle":"project_stages","deleted":"0","entity_id":"509","revision_id":"509","langcode":"ru","delta":"0","field_stage_value":"В процессе"},
{"bundle":"project_stages","deleted":"0","entity_id":"513","revision_id":"513","langcode":"ru","delta":"0","field_stage_value":"В процессе"},
{"bundle":"project_stages","deleted":"0","entity_id":"518","revision_id":"518","langcode":"ru","delta":"0","field_stage_value":"В процессе"},
{"bundle":"project_stages","deleted":"0","entity_id":"526","revision_id":"526","langcode":"ru","delta":"0","field_stage_value":"В процессе"},
{"bundle":"project_stages","deleted":"0","entity_id":"535","revision_id":"535","langcode":"ru","delta":"0","field_stage_value":"В процессе"},
{"bundle":"project_stages","deleted":"0","entity_id":"550","revision_id":"550","langcode":"ru","delta":"0","field_stage_value":"В процессе"},
{"bundle":"project_stages","deleted":"0","entity_id":"576","revision_id":"576","langcode":"ru","delta":"0","field_stage_value":"В процессе"},
{"bundle":"project_stages","deleted":"0","entity_id":"580","revision_id":"580","langcode":"ru","delta":"0","field_stage_value":"В процессе, выдал деньги 14 ноября 2020 года."},
{"bundle":"project_stages","deleted":"0","entity_id":"584","revision_id":"584","langcode":"ru","delta":"0","field_stage_value":"В процессе"},
{"bundle":"project_stages","deleted":"0","entity_id":"586","revision_id":"586","langcode":"ru","delta":"0","field_stage_value":"в процессе"},
{"bundle":"project_stages","deleted":"0","entity_id":"597","revision_id":"597","langcode":"ru","delta":"0","field_stage_value":"В процессе"},
{"bundle":"project_stages","deleted":"0","entity_id":"611","revision_id":"611","langcode":"ru","delta":"0","field_stage_value":"В процессе."},
{"bundle":"project_stages","deleted":"0","entity_id":"624","revision_id":"624","langcode":"ru","delta":"0","field_stage_value":"в процессе"},
{"bundle":"project_stages","deleted":"0","entity_id":"635","revision_id":"635","langcode":"ru","delta":"0","field_stage_value":"В процессе."},
{"bundle":"project_stages","deleted":"0","entity_id":"648","revision_id":"648","langcode":"ru","delta":"0","field_stage_value":"В процессе"},
{"bundle":"project_stages","deleted":"0","entity_id":"661","revision_id":"661","langcode":"ru","delta":"0","field_stage_value":"В процессе"},
{"bundle":"project_stages","deleted":"0","entity_id":"674","revision_id":"674","langcode":"ru","delta":"0","field_stage_value":"В процессе"},
{"bundle":"project_stages","deleted":"0","entity_id":"683","revision_id":"683","langcode":"ru","delta":"0","field_stage_value":"В процессе"},
{"bundle":"project_stages","deleted":"0","entity_id":"704","revision_id":"704","langcode":"ru","delta":"0","field_stage_value":"В процессе"},
{"bundle":"project_stages","deleted":"0","entity_id":"714","revision_id":"714","langcode":"ru","delta":"0","field_stage_value":"В процессе."},
{"bundle":"project_stages","deleted":"0","entity_id":"733","revision_id":"733","langcode":"ru","delta":"0","field_stage_value":"В процессе"},
{"bundle":"project_stages","deleted":"0","entity_id":"736","revision_id":"736","langcode":"ru","delta":"0","field_stage_value":"В процессе."},
{"bundle":"project_stages","deleted":"0","entity_id":"743","revision_id":"743","langcode":"ru","delta":"0","field_stage_value":"В процессе"},
{"bundle":"project_stages","deleted":"0","entity_id":"762","revision_id":"762","langcode":"ru","delta":"0","field_stage_value":"В процессе"},
{"bundle":"project_stages","deleted":"0","entity_id":"763","revision_id":"763","langcode":"ru","delta":"0","field_stage_value":"Осталось в проекте 100000 рублей в акциях Боинга. Остальные акции продали"},
{"bundle":"project_stages","deleted":"0","entity_id":"777","revision_id":"777","langcode":"ru","delta":"0","field_stage_value":"В процессе"},
{"bundle":"project_stages","deleted":"0","entity_id":"787","revision_id":"787","langcode":"ru","delta":"0","field_stage_value":"В процессе\r\n"},
{"bundle":"project_stages","deleted":"0","entity_id":"796","revision_id":"796","langcode":"ru","delta":"0","field_stage_value":"В процессе"},
{"bundle":"project_stages","deleted":"0","entity_id":"801","revision_id":"801","langcode":"ru","delta":"0","field_stage_value":"В процессе"},
{"bundle":"project_stages","deleted":"0","entity_id":"802","revision_id":"802","langcode":"ru","delta":"0","field_stage_value":"Судебное собеседование назначено на 01.04.21. После этого будет назначена дата судебное заседания."},
{"bundle":"project_stages","deleted":"0","entity_id":"814","revision_id":"814","langcode":"ru","delta":"0","field_stage_value":"В процессе"},
{"bundle":"project_stages","deleted":"0","entity_id":"816","revision_id":"816","langcode":"ru","delta":"0","field_stage_value":"В процессе "},
{"bundle":"project_stages","deleted":"0","entity_id":"819","revision_id":"819","langcode":"ru","delta":"0","field_stage_value":"В процессе"},
{"bundle":"project_stages","deleted":"0","entity_id":"820","revision_id":"820","langcode":"ru","delta":"0","field_stage_value":"Состоялось судебное заседание. Ждем вступления в силу"},
{"bundle":"project_stages","deleted":"0","entity_id":"822","revision_id":"822","langcode":"ru","delta":"0","field_stage_value":"В процессе"},
{"bundle":"project_stages","deleted":"0","entity_id":"828","revision_id":"828","langcode":"ru","delta":"0","field_stage_value":"Собор денег"},
{"bundle":"project_stages","deleted":"0","entity_id":"829","revision_id":"829","langcode":"ru","delta":"0","field_stage_value":"Закупка оборудования"},
{"bundle":"project_stages","deleted":"0","entity_id":"854","revision_id":"854","langcode":"ru","delta":"0","field_stage_value":"Ждем оформление залога."},
{"bundle":"project_stages","deleted":"0","entity_id":"866","revision_id":"866","langcode":"ru","delta":"0","field_stage_value":"В процессе"},
{"bundle":"project_stages","deleted":"0","entity_id":"869","revision_id":"869","langcode":"ru","delta":"0","field_stage_value":"В процессе"},
{"bundle":"project_stages","deleted":"0","entity_id":"870","revision_id":"870","langcode":"ru","delta":"0","field_stage_value":"Суд удовлетворил иск. В силу вступит в первой декаде июня 2021."},
{"bundle":"project_stages","deleted":"0","entity_id":"882","revision_id":"882","langcode":"ru","delta":"0","field_stage_value":"В процессе"},
{"bundle":"project_stages","deleted":"0","entity_id":"897","revision_id":"897","langcode":"ru","delta":"0","field_stage_value":"В процессе"},
{"bundle":"project_stages","deleted":"0","entity_id":"911","revision_id":"911","langcode":"ru","delta":"0","field_stage_value":"В процессе"},
{"bundle":"project_stages","deleted":"0","entity_id":"922","revision_id":"922","langcode":"ru","delta":"0","field_stage_value":"В процессе"},
{"bundle":"project_stages","deleted":"0","entity_id":"932","revision_id":"932","langcode":"ru","delta":"0","field_stage_value":"Заемщик пока что не платит, связываюсь раз в неделю, каждый раз обещает заплатить. Ждем таким способом до середины января, там разговариваем про реализацию"},
{"bundle":"project_stages","deleted":"0","entity_id":"944","revision_id":"944","langcode":"ru","delta":"0","field_stage_value":"В процессе"},
{"bundle":"project_stages","deleted":"0","entity_id":"992","revision_id":"992","langcode":"ru","delta":"0","field_stage_value":"В процессе"},
{"bundle":"project_stages","deleted":"0","entity_id":"1020","revision_id":"1020","langcode":"ru","delta":"0","field_stage_value":"В процессе"},
{"bundle":"project_stages","deleted":"0","entity_id":"1025","revision_id":"1025","langcode":"ru","delta":"0","field_stage_value":"В процессе"},
{"bundle":"project_stages","deleted":"0","entity_id":"1028","revision_id":"1028","langcode":"ru","delta":"0","field_stage_value":"В процессе"},
{"bundle":"project_stages","deleted":"0","entity_id":"1035","revision_id":"1035","langcode":"ru","delta":"0","field_stage_value":"Фонд в процессе работы. Больше выдач с него не будет, ожидаем платежи и возвраты."},
{"bundle":"project_stages","deleted":"0","entity_id":"1036","revision_id":"1036","langcode":"ru","delta":"0","field_stage_value":"На 07.07.21 квартира арестована. Отправлены запросы, ждут 10 дней и выставляют на реализацию."},
{"bundle":"project_stages","deleted":"0","entity_id":"1037","revision_id":"1037","langcode":"ru","delta":"0","field_stage_value":"06.07.2021 приставы получили исполнительные листы"},
{"bundle":"project_stages","deleted":"0","entity_id":"1052","revision_id":"1052","langcode":"ru","delta":"0","field_stage_value":"В процессе"},
{"bundle":"project_stages","deleted":"0","entity_id":"1054","revision_id":"1054","langcode":"ru","delta":"0","field_stage_value":"Со слов пристава (28.07.21) квартира на реализации."},
{"bundle":"project_stages","deleted":"0","entity_id":"1055","revision_id":"1055","langcode":"ru","delta":"0","field_stage_value":"23.07.2021 имущество арестовано, ждем 10 дней (период обжалования)"},
{"bundle":"project_stages","deleted":"0","entity_id":"1067","revision_id":"1067","langcode":"ru","delta":"0","field_stage_value":"В процессе"},
{"bundle":"project_stages","deleted":"0","entity_id":"1079","revision_id":"1079","langcode":"ru","delta":"0","field_stage_value":"В процессе"},
{"bundle":"project_stages","deleted":"0","entity_id":"1080","revision_id":"1080","langcode":"ru","delta":"0","field_stage_value":"Ответчик подал на восстановление сроков апелляции, сегодня восстановили, заседание апелляционного суда будет в октябре-ноябре. "},
{"bundle":"project_stages","deleted":"0","entity_id":"1092","revision_id":"1092","langcode":"ru","delta":"0","field_stage_value":"В процессе"},
{"bundle":"project_stages","deleted":"0","entity_id":"1104","revision_id":"1104","langcode":"ru","delta":"0","field_stage_value":"В процессе."},
{"bundle":"project_stages","deleted":"0","entity_id":"1119","revision_id":"1119","langcode":"ru","delta":"0","field_stage_value":"В процессе"},
{"bundle":"project_stages","deleted":"0","entity_id":"1120","revision_id":"1120","langcode":"ru","delta":"0","field_stage_value":"Документы вернулись приставам, была техническая ошибка в акте. После исправления документы уйдут по ускоренной схеме. Ориентировочная дата 26.10.21"},
{"bundle":"project_stages","deleted":"0","entity_id":"1139","revision_id":"1139","langcode":"ru","delta":"0","field_stage_value":"Заёмщик не платит, и не заплатит как минимум до конца января. Объясняет тем что вложился в пенобетон, и параллельно нотариус допустил ошибку в наследстве, при которой ему приходиться оспаривать в суде. А так документы скинул что в суд идёт и то что на счетах умершей родственницы есть деньги. Так что настрой позитивный)"},
{"bundle":"project_stages","deleted":"0","entity_id":"1143","revision_id":"1143","langcode":"ru","delta":"0","field_stage_value":"В процессе"},
{"bundle":"project_stages","deleted":"0","entity_id":"1150","revision_id":"1150","langcode":"ru","delta":"0","field_stage_value":"21.10.21 оплачен ДКП полностью 557 т.р."},
{"bundle":"project_stages","deleted":"0","entity_id":"1171","revision_id":"1171","langcode":"ru","delta":"0","field_stage_value":"В процессе"},
{"bundle":"project_stages","deleted":"0","entity_id":"1201","revision_id":"1201","langcode":"ru","delta":"0","field_stage_value":"В процессе."},
{"bundle":"project_stages","deleted":"0","entity_id":"1215","revision_id":"1215","langcode":"ru","delta":"0","field_stage_value":"В процессе"},
{"bundle":"project_stages","deleted":"0","entity_id":"1217","revision_id":"1217","langcode":"ru","delta":"0","field_stage_value":"03.11.21 Сданы документы на регистрацию ДКП (оформляем комнаты на Василия). \r\nЗатраты произведённые на  текущий момент: \r\n- Агент на торгах 5000 р.\r\n- Доверенность на представителя - риелтора для регистрации ДКП, получение справок, и показа - 3000 р.\r\n- Услуги представителя для регистрации ДКП - 2000 р.\r\n\r\nПредставителем при регистрации является Риелтор Роман, по услугам договорились на 50 т.р. за комнату, итого 100 т.р.\r\n"},
{"bundle":"project_stages","deleted":"0","entity_id":"1218","revision_id":"1218","langcode":"ru","delta":"0","field_stage_value":"Отправить в аппеляционный суд планируют после 15.11.21"},
{"bundle":"project_stages","deleted":"0","entity_id":"1228","revision_id":"1228","langcode":"ru","delta":"0","field_stage_value":"В процессе"},
{"bundle":"project_stages","deleted":"0","entity_id":"1232","revision_id":"1232","langcode":"ru","delta":"0","field_stage_value":"В процессе."},
{"bundle":"project_stages","deleted":"0","entity_id":"1274","revision_id":"1274","langcode":"ru","delta":"0","field_stage_value":"В процессе с 24.11.21г."},
{"bundle":"project_stages","deleted":"0","entity_id":"1275","revision_id":"1275","langcode":"ru","delta":"0","field_stage_value":"Заседание аппеляционного суда назначено на 24.12.21. Параллельно ведутся переговоры о возобновлении платежей в обмен на нереализацию имущества, отзыв ими аппеляции."},
{"bundle":"project_stages","deleted":"0","entity_id":"1340","revision_id":"1340","langcode":"ru","delta":"0","field_stage_value":"В процессе."},
{"bundle":"project_stages","deleted":"0","entity_id":"1352","revision_id":"1352","langcode":"ru","delta":"0","field_stage_value":"В процессе с 03.12.2021г."},
{"bundle":"project_stages","deleted":"0","entity_id":"1364","revision_id":"1364","langcode":"ru","delta":"0","field_stage_value":"В процессе с 17.12.21г."},
{"bundle":"project_stages","deleted":"0","entity_id":"1388","revision_id":"1388","langcode":"ru","delta":"0","field_stage_value":"В процессе с 20.12.21г."},
{"bundle":"project_stages","deleted":"0","entity_id":"1400","revision_id":"1400","langcode":"ru","delta":"0","field_stage_value":"В процессе с 23.12.21г."},
{"bundle":"project_stages","deleted":"0","entity_id":"1410","revision_id":"1410","langcode":"ru","delta":"0","field_stage_value":"В процессе."},
{"bundle":"project_stages","deleted":"0","entity_id":"1416","revision_id":"1416","langcode":"ru","delta":"0","field_stage_value":"В процессе с 11.01.22"},
{"bundle":"project_stages","deleted":"0","entity_id":"1428","revision_id":"1428","langcode":"ru","delta":"0","field_stage_value":"В процессе"},
{"bundle":"project_stages","deleted":"0","entity_id":"1438","revision_id":"1438","langcode":"ru","delta":"0","field_stage_value":"Регистрация."},
{"bundle":"project_stages","deleted":"0","entity_id":"1448","revision_id":"1448","langcode":"ru","delta":"0","field_stage_value":"В процессе."},
{"bundle":"project_stages","deleted":"0","entity_id":"1460","revision_id":"1460","langcode":"ru","delta":"0","field_stage_value":"В процессе"},
{"bundle":"project_stages","deleted":"0","entity_id":"1472","revision_id":"1472","langcode":"ru","delta":"0","field_stage_value":"Регистрация"},
{"bundle":"project_stages","deleted":"0","entity_id":"1530","revision_id":"1530","langcode":"ru","delta":"0","field_stage_value":"В процессе."},
{"bundle":"project_stages","deleted":"0","entity_id":"1542","revision_id":"1542","langcode":"ru","delta":"0","field_stage_value":"В процессе с 02.02.2021г."},
{"bundle":"project_stages","deleted":"0","entity_id":"1554","revision_id":"1554","langcode":"ru","delta":"0","field_stage_value":"В процессе с 02.02.2021г."},
{"bundle":"project_stages","deleted":"0","entity_id":"1582","revision_id":"1582","langcode":"ru","delta":"0","field_stage_value":"В процессе."},
{"bundle":"project_stages","deleted":"0","entity_id":"1587","revision_id":"1587","langcode":"ru","delta":"0","field_stage_value":"10.02.22 \r\n7200 руб. Довереность на продажу через риелтора и разрешение жены продажи этих комнат, и тождества. \r\n4000  руб. техпаспорт на 1ую комнату\r\n18365 руб. Капремонт и вкартплата за 28ую комнату\r\n\r\n"},
{"bundle":"project_stages","deleted":"0","entity_id":"1588","revision_id":"1588","langcode":"ru","delta":"0","field_stage_value":"19.02.22 \r\n28ая комната продана за 460 т.р.\r\nРиелтор получил 50 т.р.\r\n"},
{"bundle":"project_stages","deleted":"0","entity_id":"1616","revision_id":"1616","langcode":"ru","delta":"0","field_stage_value":"В процессе"},
{"bundle":"project_stages","deleted":"0","entity_id":"1627","revision_id":"1627","langcode":"ru","delta":"0","field_stage_value":"В процессе"},
{"bundle":"project_stages","deleted":"0","entity_id":"1639","revision_id":"1639","langcode":"ru","delta":"0","field_stage_value":"В процессе"},
{"bundle":"project_stages","deleted":"0","entity_id":"1653","revision_id":"1653","langcode":"ru","delta":"0","field_stage_value":"В процессе"},
{"bundle":"project_stages","deleted":"0","entity_id":"1668","revision_id":"1668","langcode":"ru","delta":"0","field_stage_value":"В процессе."},
{"bundle":"project_stages","deleted":"0","entity_id":"1673","revision_id":"1673","langcode":"ru","delta":"0","field_stage_value":"В процессе."},
{"bundle":"project_stages","deleted":"0","entity_id":"1685","revision_id":"1685","langcode":"ru","delta":"0","field_stage_value":"В процессе."},
{"bundle":"project_stages","deleted":"0","entity_id":"1703","revision_id":"1703","langcode":"ru","delta":"0","field_stage_value":"В процессе."},
{"bundle":"project_stages","deleted":"0","entity_id":"1724","revision_id":"1724","langcode":"ru","delta":"0","field_stage_value":"В процессе."},
{"bundle":"project_stages","deleted":"0","entity_id":"1734","revision_id":"1734","langcode":"ru","delta":"0","field_stage_value":"В процессе."},
{"bundle":"project_stages","deleted":"0","entity_id":"1746","revision_id":"1746","langcode":"ru","delta":"0","field_stage_value":"В процессе."},
{"bundle":"project_stages","deleted":"0","entity_id":"1776","revision_id":"1776","langcode":"ru","delta":"0","field_stage_value":"В процессе."},
{"bundle":"project_stages","deleted":"0","entity_id":"1779","revision_id":"1779","langcode":"ru","delta":"0","field_stage_value":"В процессе с 13.04.22"},
{"bundle":"project_stages","deleted":"0","entity_id":"1789","revision_id":"1789","langcode":"ru","delta":"0","field_stage_value":"В процессе."},
{"bundle":"project_stages","deleted":"0","entity_id":"1792","revision_id":"1792","langcode":"ru","delta":"0","field_stage_value":"В процессе"},
{"bundle":"project_stages","deleted":"0","entity_id":"1811","revision_id":"1811","langcode":"ru","delta":"0","field_stage_value":"На регистрации."},
{"bundle":"project_stages","deleted":"0","entity_id":"1832","revision_id":"1832","langcode":"ru","delta":"0","field_stage_value":"В процессе."},
{"bundle":"project_stages","deleted":"0","entity_id":"1841","revision_id":"1841","langcode":"ru","delta":"0","field_stage_value":"В процессе."},
{"bundle":"project_stages","deleted":"0","entity_id":"1843","revision_id":"1843","langcode":"ru","delta":"0","field_stage_value":"В процессе."},
{"bundle":"project_stages","deleted":"0","entity_id":"1863","revision_id":"1863","langcode":"ru","delta":"0","field_stage_value":"В процессе."},
{"bundle":"project_stages","deleted":"0","entity_id":"1866","revision_id":"1866","langcode":"ru","delta":"0","field_stage_value":"В процессе."},
{"bundle":"project_stages","deleted":"0","entity_id":"1873","revision_id":"1873","langcode":"ru","delta":"0","field_stage_value":"В процессе."},
{"bundle":"project_stages","deleted":"0","entity_id":"1878","revision_id":"1878","langcode":"ru","delta":"0","field_stage_value":"В процессе."},
{"bundle":"project_stages","deleted":"0","entity_id":"1889","revision_id":"1889","langcode":"ru","delta":"0","field_stage_value":"В процессе."},
{"bundle":"project_stages","deleted":"0","entity_id":"1898","revision_id":"1898","langcode":"ru","delta":"0","field_stage_value":"В процессе."},
{"bundle":"project_stages","deleted":"0","entity_id":"1903","revision_id":"1903","langcode":"ru","delta":"0","field_stage_value":"В процессе."},
{"bundle":"project_stages","deleted":"0","entity_id":"1914","revision_id":"1914","langcode":"ru","delta":"0","field_stage_value":"В процессе."},
{"bundle":"project_stages","deleted":"0","entity_id":"1934","revision_id":"1934","langcode":"ru","delta":"0","field_stage_value":"В процессе."},
{"bundle":"project_stages","deleted":"0","entity_id":"1946","revision_id":"1946","langcode":"ru","delta":"0","field_stage_value":"В процессе регистрации."},
{"bundle":"project_stages","deleted":"0","entity_id":"1958","revision_id":"1958","langcode":"ru","delta":"0","field_stage_value":"В процессе."},
{"bundle":"project_stages","deleted":"0","entity_id":"1963","revision_id":"1963","langcode":"ru","delta":"0","field_stage_value":"Сорвался покупатель, ищем нового"},
{"bundle":"project_stages","deleted":"0","entity_id":"1973","revision_id":"1973","langcode":"ru","delta":"0","field_stage_value":"В процессе запуска\r\nВнесен залог 130000р за кофемашину\r\nОтвезена запчасть на доработку дизайна\r\nПереданы деньги 50000р на терминал и тумбу\r\n\r\nПланируемая дата запуска 1 июля 2022"},
{"bundle":"project_stages","deleted":"0","entity_id":"1984","revision_id":"1984","langcode":"ru","delta":"0","field_stage_value":"В процессе."},
{"bundle":"project_stages","deleted":"0","entity_id":"1995","revision_id":"1995","langcode":"ru","delta":"0","field_stage_value":"Стадия подписания договора."},
{"bundle":"project_stages","deleted":"0","entity_id":"2006","revision_id":"2006","langcode":"ru","delta":"0","field_stage_value":"В процессе."},
{"bundle":"project_stages","deleted":"0","entity_id":"2038","revision_id":"2038","langcode":"ru","delta":"0","field_stage_value":"В процессе."},
{"bundle":"project_stages","deleted":"0","entity_id":"2095","revision_id":"2095","langcode":"ru","delta":"0","field_stage_value":"В процессе."},
{"bundle":"project_stages","deleted":"0","entity_id":"2104","revision_id":"2104","langcode":"ru","delta":"0","field_stage_value":"В процессе."},
{"bundle":"project_stages","deleted":"0","entity_id":"2129","revision_id":"2129","langcode":"ru","delta":"0","field_stage_value":"В процессе."},
{"bundle":"project_stages","deleted":"0","entity_id":"2141","revision_id":"2141","langcode":"ru","delta":"0","field_stage_value":"В процессе."},
{"bundle":"project_stages","deleted":"0","entity_id":"2153","revision_id":"2153","langcode":"ru","delta":"0","field_stage_value":"В процессе."},
{"bundle":"project_stages","deleted":"0","entity_id":"2179","revision_id":"2179","langcode":"ru","delta":"0","field_stage_value":"В процессе."},
{"bundle":"project_stages","deleted":"0","entity_id":"2184","revision_id":"2184","langcode":"ru","delta":"0","field_stage_value":"В процессе."},
{"bundle":"project_stages","deleted":"0","entity_id":"2191","revision_id":"2191","langcode":"ru","delta":"0","field_stage_value":"В процессе."},
{"bundle":"project_stages","deleted":"0","entity_id":"2201","revision_id":"2201","langcode":"ru","delta":"0","field_stage_value":"В процессе."},
{"bundle":"project_stages","deleted":"0","entity_id":"2204","revision_id":"2204","langcode":"ru","delta":"0","field_stage_value":"В процессе."},
{"bundle":"project_stages","deleted":"0","entity_id":"2206","revision_id":"2206","langcode":"ru","delta":"0","field_stage_value":"В процессе."},
{"bundle":"project_stages","deleted":"0","entity_id":"2208","revision_id":"2208","langcode":"ru","delta":"0","field_stage_value":"В процессе."},
{"bundle":"project_stages","deleted":"0","entity_id":"2211","revision_id":"2211","langcode":"ru","delta":"0","field_stage_value":"В процессе."},
{"bundle":"project_stages","deleted":"0","entity_id":"2224","revision_id":"2224","langcode":"ru","delta":"0","field_stage_value":"В процессе."},
{"bundle":"project_stages","deleted":"0","entity_id":"2237","revision_id":"2237","langcode":"ru","delta":"0","field_stage_value":"В процессе."},
{"bundle":"project_stages","deleted":"0","entity_id":"2248","revision_id":"2248","langcode":"ru","delta":"0","field_stage_value":"В процессе."},
{"bundle":"project_stages","deleted":"0","entity_id":"2252","revision_id":"2252","langcode":"ru","delta":"0","field_stage_value":"В процессе."},
{"bundle":"project_stages","deleted":"0","entity_id":"2264","revision_id":"2264","langcode":"ru","delta":"0","field_stage_value":"В процессе."},
{"bundle":"project_stages","deleted":"0","entity_id":"2266","revision_id":"2266","langcode":"ru","delta":"0","field_stage_value":"В процессе."},
{"bundle":"project_stages","deleted":"0","entity_id":"2279","revision_id":"2279","langcode":"ru","delta":"0","field_stage_value":"В процессе."},
{"bundle":"project_stages","deleted":"0","entity_id":"2291","revision_id":"2291","langcode":"ru","delta":"0","field_stage_value":"В процессе."},
{"bundle":"project_stages","deleted":"0","entity_id":"2292","revision_id":"2292","langcode":"ru","delta":"0","field_stage_value":"Оформили землю в собственность. Готовим участок к продаже. \r\n"},
{"bundle":"project_stages","deleted":"0","entity_id":"2293","revision_id":"2293","langcode":"ru","delta":"0","field_stage_value":"Проект запущен в июле 2022 года. Первая прибыль будет в августе\r\n\r\nИтоговая сумма собранных средств 214500. Остатки были распределены между участниками"},
{"bundle":"project_stages","deleted":"0","entity_id":"2295","revision_id":"2295","langcode":"ru","delta":"0","field_stage_value":"В процессе."},
{"bundle":"project_stages","deleted":"0","entity_id":"2298","revision_id":"2298","langcode":"ru","delta":"0","field_stage_value":"В процессе."},
{"bundle":"project_stages","deleted":"0","entity_id":"2309","revision_id":"2309","langcode":"ru","delta":"0","field_stage_value":"В процессе."},
{"bundle":"project_stages","deleted":"0","entity_id":"2322","revision_id":"2322","langcode":"ru","delta":"0","field_stage_value":"В процессе."},
{"bundle":"project_stages","deleted":"0","entity_id":"2347","revision_id":"2347","langcode":"ru","delta":"0","field_stage_value":"В процессе."},
{"bundle":"project_stages","deleted":"0","entity_id":"2359","revision_id":"2359","langcode":"ru","delta":"0","field_stage_value":"В процессе."},
{"bundle":"project_stages","deleted":"0","entity_id":"2374","revision_id":"2374","langcode":"ru","delta":"0","field_stage_value":"В процессе."},
{"bundle":"project_stages","deleted":"0","entity_id":"2377","revision_id":"2377","langcode":"ru","delta":"0","field_stage_value":"В процессе."},
{"bundle":"project_stages","deleted":"0","entity_id":"2379","revision_id":"2379","langcode":"ru","delta":"0","field_stage_value":"В процессе."},
{"bundle":"project_stages","deleted":"0","entity_id":"2402","revision_id":"2402","langcode":"ru","delta":"0","field_stage_value":"В процессе."},
{"bundle":"project_stages","deleted":"0","entity_id":"2404","revision_id":"2404","langcode":"ru","delta":"0","field_stage_value":"В процессе."},
{"bundle":"project_stages","deleted":"0","entity_id":"2406","revision_id":"2406","langcode":"ru","delta":"0","field_stage_value":"В процессе."},
{"bundle":"project_stages","deleted":"0","entity_id":"2425","revision_id":"2425","langcode":"ru","delta":"0","field_stage_value":"В процессе."},
{"bundle":"project_stages","deleted":"0","entity_id":"2433","revision_id":"2433","langcode":"ru","delta":"0","field_stage_value":"В процессе."},
{"bundle":"project_stages","deleted":"0","entity_id":"2437","revision_id":"2437","langcode":"ru","delta":"0","field_stage_value":"В процессе."},
{"bundle":"project_stages","deleted":"0","entity_id":"2450","revision_id":"2450","langcode":"ru","delta":"0","field_stage_value":"В процессе."},
{"bundle":"project_stages","deleted":"0","entity_id":"2464","revision_id":"2464","langcode":"ru","delta":"0","field_stage_value":"В процессе."},
{"bundle":"project_stages","deleted":"0","entity_id":"2487","revision_id":"2487","langcode":"ru","delta":"0","field_stage_value":"в процессе."},
{"bundle":"project_stages","deleted":"0","entity_id":"2494","revision_id":"2494","langcode":"ru","delta":"0","field_stage_value":"В процессе."},
{"bundle":"project_stages","deleted":"0","entity_id":"2497","revision_id":"2497","langcode":"ru","delta":"0","field_stage_value":"В процессе."},
{"bundle":"project_stages","deleted":"0","entity_id":"2522","revision_id":"2522","langcode":"ru","delta":"0","field_stage_value":"В процессе."},
{"bundle":"project_stages","deleted":"0","entity_id":"2544","revision_id":"2544","langcode":"ru","delta":"0","field_stage_value":"В процессе."},
{"bundle":"project_stages","deleted":"0","entity_id":"2567","revision_id":"2567","langcode":"ru","delta":"0","field_stage_value":"В процессе."},
{"bundle":"project_stages","deleted":"0","entity_id":"2584","revision_id":"2584","langcode":"ru","delta":"0","field_stage_value":"В процессе."},
{"bundle":"project_stages","deleted":"0","entity_id":"2595","revision_id":"2595","langcode":"ru","delta":"0","field_stage_value":"В процессе."},
{"bundle":"project_stages","deleted":"0","entity_id":"2647","revision_id":"2647","langcode":"ru","delta":"0","field_stage_value":"В процессе."},
{"bundle":"project_stages","deleted":"0","entity_id":"2658","revision_id":"2658","langcode":"ru","delta":"0","field_stage_value":"в процессе."},
{"bundle":"project_stages","deleted":"0","entity_id":"2671","revision_id":"2671","langcode":"ru","delta":"0","field_stage_value":"В процессе."},
{"bundle":"project_stages","deleted":"0","entity_id":"2673","revision_id":"2673","langcode":"ru","delta":"0","field_stage_value":"В процессе."},
{"bundle":"project_stages","deleted":"0","entity_id":"2677","revision_id":"2677","langcode":"ru","delta":"0","field_stage_value":"В процессе."},
{"bundle":"project_stages","deleted":"0","entity_id":"2693","revision_id":"2693","langcode":"ru","delta":"0","field_stage_value":"В процессе."},
{"bundle":"project_stages","deleted":"0","entity_id":"2702","revision_id":"2702","langcode":"ru","delta":"0","field_stage_value":"В процессе."},
{"bundle":"project_stages","deleted":"0","entity_id":"2721","revision_id":"2721","langcode":"ru","delta":"0","field_stage_value":"В процессе."},
{"bundle":"project_stages","deleted":"0","entity_id":"2732","revision_id":"2732","langcode":"ru","delta":"0","field_stage_value":"В процессе."},
{"bundle":"project_stages","deleted":"0","entity_id":"2735","revision_id":"2735","langcode":"ru","delta":"0","field_stage_value":"В процессе."},
{"bundle":"project_stages","deleted":"0","entity_id":"2738","revision_id":"2738","langcode":"ru","delta":"0","field_stage_value":"В процессе."},
{"bundle":"project_stages","deleted":"0","entity_id":"2741","revision_id":"2741","langcode":"ru","delta":"0","field_stage_value":"В процессе."},
{"bundle":"project_stages","deleted":"0","entity_id":"2759","revision_id":"2759","langcode":"ru","delta":"0","field_stage_value":"В процессе."},
{"bundle":"project_stages","deleted":"0","entity_id":"2761","revision_id":"2761","langcode":"ru","delta":"0","field_stage_value":"В процессе."},
{"bundle":"project_stages","deleted":"0","entity_id":"2774","revision_id":"2774","langcode":"ru","delta":"0","field_stage_value":"В процессе."},
{"bundle":"project_stages","deleted":"0","entity_id":"2787","revision_id":"2787","langcode":"ru","delta":"0","field_stage_value":"В процессе."},
{"bundle":"project_stages","deleted":"0","entity_id":"2799","revision_id":"2799","langcode":"ru","delta":"0","field_stage_value":"В процессе."},
{"bundle":"project_stages","deleted":"0","entity_id":"2815","revision_id":"2815","langcode":"ru","delta":"0","field_stage_value":"В процессе."},
{"bundle":"project_stages","deleted":"0","entity_id":"2822","revision_id":"2822","langcode":"ru","delta":"0","field_stage_value":"В процессе"},
{"bundle":"project_stages","deleted":"0","entity_id":"2834","revision_id":"2834","langcode":"ru","delta":"0","field_stage_value":"В процессе."},
{"bundle":"project_stages","deleted":"0","entity_id":"2858","revision_id":"2858","langcode":"ru","delta":"0","field_stage_value":"В процессе."},
{"bundle":"project_stages","deleted":"0","entity_id":"2922","revision_id":"2922","langcode":"ru","delta":"0","field_stage_value":"Куплены машиноместа \r\nСобрали деньги на проект"},
{"bundle":"project_stages","deleted":"0","entity_id":"2935","revision_id":"2935","langcode":"ru","delta":"0","field_stage_value":"В процессе."},
{"bundle":"project_stages","deleted":"0","entity_id":"2948","revision_id":"2948","langcode":"ru","delta":"0","field_stage_value":"В процессе."},
{"bundle":"project_stages","deleted":"0","entity_id":"2963","revision_id":"2963","langcode":"ru","delta":"0","field_stage_value":"В процессе."},
{"bundle":"project_stages","deleted":"0","entity_id":"2970","revision_id":"2970","langcode":"ru","delta":"0","field_stage_value":"В процессе"},
{"bundle":"project_stages","deleted":"0","entity_id":"2983","revision_id":"2983","langcode":"ru","delta":"0","field_stage_value":"В процессе."},
{"bundle":"project_stages","deleted":"0","entity_id":"2985","revision_id":"2985","langcode":"ru","delta":"0","field_stage_value":"В процессе."},
{"bundle":"project_stages","deleted":"0","entity_id":"2990","revision_id":"2990","langcode":"ru","delta":"0","field_stage_value":"В процессе."},
{"bundle":"project_stages","deleted":"0","entity_id":"2992","revision_id":"2992","langcode":"ru","delta":"0","field_stage_value":"В процессе"},
{"bundle":"project_stages","deleted":"0","entity_id":"3004","revision_id":"3004","langcode":"ru","delta":"0","field_stage_value":"В процессе."},
{"bundle":"project_stages","deleted":"0","entity_id":"3006","revision_id":"3006","langcode":"ru","delta":"0","field_stage_value":"В процессе."},
{"bundle":"project_stages","deleted":"0","entity_id":"3019","revision_id":"3019","langcode":"ru","delta":"0","field_stage_value":"В процессе."},
{"bundle":"project_stages","deleted":"0","entity_id":"3021","revision_id":"3021","langcode":"ru","delta":"0","field_stage_value":"В процессе."},
{"bundle":"project_stages","deleted":"0","entity_id":"3034","revision_id":"3034","langcode":"ru","delta":"0","field_stage_value":"В процессе."},
{"bundle":"project_stages","deleted":"0","entity_id":"3057","revision_id":"3057","langcode":"ru","delta":"0","field_stage_value":"В процессе."},
{"bundle":"project_stages","deleted":"0","entity_id":"3079","revision_id":"3079","langcode":"ru","delta":"0","field_stage_value":"В процессе."},
{"bundle":"project_stages","deleted":"0","entity_id":"3099","revision_id":"3099","langcode":"ru","delta":"0","field_stage_value":"В процессе."},
{"bundle":"project_stages","deleted":"0","entity_id":"3109","revision_id":"3109","langcode":"ru","delta":"0","field_stage_value":"В процессе выдачи."},
{"bundle":"project_stages","deleted":"0","entity_id":"3122","revision_id":"3122","langcode":"ru","delta":"0","field_stage_value":"В процессе."},
{"bundle":"project_stages","deleted":"0","entity_id":"3143","revision_id":"3143","langcode":"ru","delta":"0","field_stage_value":"В процессе."},
{"bundle":"project_stages","deleted":"0","entity_id":"3149","revision_id":"3149","langcode":"ru","delta":"0","field_stage_value":"В процессе."},
{"bundle":"project_stages","deleted":"0","entity_id":"3151","revision_id":"3151","langcode":"ru","delta":"0","field_stage_value":"В процессе."},
{"bundle":"project_stages","deleted":"0","entity_id":"3161","revision_id":"3161","langcode":"ru","delta":"0","field_stage_value":"В процессе."},
{"bundle":"project_stages","deleted":"0","entity_id":"3181","revision_id":"3181","langcode":"ru","delta":"0","field_stage_value":"В процессе."},
{"bundle":"project_stages","deleted":"0","entity_id":"3192","revision_id":"3192","langcode":"ru","delta":"0","field_stage_value":"В процессе."},
{"bundle":"project_stages","deleted":"0","entity_id":"3228","revision_id":"3228","langcode":"ru","delta":"0","field_stage_value":"В процессе."},
{"bundle":"project_stages","deleted":"0","entity_id":"3246","revision_id":"3246","langcode":"ru","delta":"0","field_stage_value":"В процессе."},
{"bundle":"project_stages","deleted":"0","entity_id":"3265","revision_id":"3265","langcode":"ru","delta":"0","field_stage_value":"В процессе."},
{"bundle":"project_stages","deleted":"0","entity_id":"3269","revision_id":"3269","langcode":"ru","delta":"0","field_stage_value":"В процессе."},
{"bundle":"project_stages","deleted":"0","entity_id":"3286","revision_id":"3286","langcode":"ru","delta":"0","field_stage_value":"В процессе"},
{"bundle":"project_stages","deleted":"0","entity_id":"3289","revision_id":"3289","langcode":"ru","delta":"0","field_stage_value":"В процессе."},
{"bundle":"project_stages","deleted":"0","entity_id":"3303","revision_id":"3303","langcode":"ru","delta":"0","field_stage_value":"В процессе."},
{"bundle":"project_stages","deleted":"0","entity_id":"3309","revision_id":"3309","langcode":"ru","delta":"0","field_stage_value":"В процессе."},
{"bundle":"project_stages","deleted":"0","entity_id":"3334","revision_id":"3334","langcode":"ru","delta":"0","field_stage_value":"В процессе."},
{"bundle":"project_stages","deleted":"0","entity_id":"3368","revision_id":"3368","langcode":"ru","delta":"0","field_stage_value":"В процессе."},
{"bundle":"project_stages","deleted":"0","entity_id":"3392","revision_id":"3392","langcode":"ru","delta":"0","field_stage_value":"В процессе.\r\nПлатит все вовремя, без задержек и напоминаний "},
{"bundle":"project_stages","deleted":"0","entity_id":"3394","revision_id":"3394","langcode":"ru","delta":"0","field_stage_value":"В процессе."},
{"bundle":"project_stages","deleted":"0","entity_id":"3396","revision_id":"3396","langcode":"ru","delta":"0","field_stage_value":"В процессе."},
{"bundle":"project_stages","deleted":"0","entity_id":"3407","revision_id":"3407","langcode":"ru","delta":"0","field_stage_value":"В процессе."},
{"bundle":"project_stages","deleted":"0","entity_id":"3414","revision_id":"3414","langcode":"ru","delta":"0","field_stage_value":"В процессе."},
{"bundle":"project_stages","deleted":"0","entity_id":"3424","revision_id":"3424","langcode":"ru","delta":"0","field_stage_value":"В процессе. Участок выставлен на продажу."},
{"bundle":"project_stages","deleted":"0","entity_id":"3444","revision_id":"3444","langcode":"ru","delta":"0","field_stage_value":"В процессе."},
{"bundle":"project_stages","deleted":"0","entity_id":"3472","revision_id":"3472","langcode":"ru","delta":"0","field_stage_value":"В процессе."},
{"bundle":"project_stages","deleted":"0","entity_id":"3498","revision_id":"3498","langcode":"ru","delta":"0","field_stage_value":"В процессе."},
{"bundle":"project_stages","deleted":"0","entity_id":"3532","revision_id":"3532","langcode":"ru","delta":"0","field_stage_value":"В процессе."},
{"bundle":"project_stages","deleted":"0","entity_id":"3539","revision_id":"3539","langcode":"ru","delta":"0","field_stage_value":"В процессе."},
{"bundle":"project_stages","deleted":"0","entity_id":"3580","revision_id":"3580","langcode":"ru","delta":"0","field_stage_value":"В процессе."},
{"bundle":"project_stages","deleted":"0","entity_id":"3585","revision_id":"3585","langcode":"ru","delta":"0","field_stage_value":"Регистрация в МФЦ,"},
{"bundle":"project_stages","deleted":"0","entity_id":"3589","revision_id":"3589","langcode":"ru","delta":"0","field_stage_value":"В процессе."},
{"bundle":"project_stages","deleted":"0","entity_id":"3618","revision_id":"3618","langcode":"ru","delta":"0","field_stage_value":"В процессе."},
{"bundle":"project_stages","deleted":"0","entity_id":"3625","revision_id":"3625","langcode":"ru","delta":"0","field_stage_value":"В процессе."},
{"bundle":"project_stages","deleted":"0","entity_id":"3635","revision_id":"3635","langcode":"ru","delta":"0","field_stage_value":"В процессе."},
{"bundle":"project_stages","deleted":"0","entity_id":"3639","revision_id":"3639","langcode":"ru","delta":"0","field_stage_value":"В процессе."},
{"bundle":"project_stages","deleted":"0","entity_id":"3641","revision_id":"3641","langcode":"ru","delta":"0","field_stage_value":"В процессе."},
{"bundle":"project_stages","deleted":"0","entity_id":"3649","revision_id":"3649","langcode":"ru","delta":"0","field_stage_value":"В процессе."},
{"bundle":"project_stages","deleted":"0","entity_id":"3661","revision_id":"3661","langcode":"ru","delta":"0","field_stage_value":"В процессе."},
{"bundle":"project_stages","deleted":"0","entity_id":"3677","revision_id":"3677","langcode":"ru","delta":"0","field_stage_value":"В процессе."},
{"bundle":"project_stages","deleted":"0","entity_id":"3684","revision_id":"3684","langcode":"ru","delta":"0","field_stage_value":"В процессе."},
{"bundle":"project_stages","deleted":"0","entity_id":"3686","revision_id":"3686","langcode":"ru","delta":"0","field_stage_value":"В процессе."},
{"bundle":"project_stages","deleted":"0","entity_id":"3690","revision_id":"3690","langcode":"ru","delta":"0","field_stage_value":"В процессе."},
{"bundle":"project_stages","deleted":"0","entity_id":"3741","revision_id":"3741","langcode":"ru","delta":"0","field_stage_value":"В процессе."},
{"bundle":"project_stages","deleted":"0","entity_id":"3750","revision_id":"3750","langcode":"ru","delta":"0","field_stage_value":"В процессе."},
{"bundle":"project_stages","deleted":"0","entity_id":"3780","revision_id":"3780","langcode":"ru","delta":"0","field_stage_value":"В процессе."},
{"bundle":"project_stages","deleted":"0","entity_id":"3792","revision_id":"3792","langcode":"ru","delta":"0","field_stage_value":"В процессе."},
{"bundle":"project_stages","deleted":"0","entity_id":"3798","revision_id":"3798","langcode":"ru","delta":"0","field_stage_value":"В процессе."},
{"bundle":"project_stages","deleted":"0","entity_id":"3811","revision_id":"3811","langcode":"ru","delta":"0","field_stage_value":"В процессе."},
{"bundle":"project_stages","deleted":"0","entity_id":"3826","revision_id":"3826","langcode":"ru","delta":"0","field_stage_value":"В процессе."},
{"bundle":"project_stages","deleted":"0","entity_id":"3856","revision_id":"3856","langcode":"ru","delta":"0","field_stage_value":"В процессе."},
{"bundle":"project_stages","deleted":"0","entity_id":"3859","revision_id":"3859","langcode":"ru","delta":"0","field_stage_value":"В процессе."},
{"bundle":"project_stages","deleted":"0","entity_id":"3878","revision_id":"3878","langcode":"ru","delta":"0","field_stage_value":"В процессе."},
{"bundle":"project_stages","deleted":"0","entity_id":"3898","revision_id":"3898","langcode":"ru","delta":"0","field_stage_value":"Заёмщик отвечает на телефон на связи. Ждет выплаты от работодателя на 23 ноября 2023 года. Не выплатил за второй месяц. Дата отсечки 20 ноября 2023 года второй платеж."},
{"bundle":"project_stages","deleted":"0","entity_id":"3916","revision_id":"3916","langcode":"ru","delta":"0","field_stage_value":"В процессе."},
{"bundle":"project_stages","deleted":"0","entity_id":"3937","revision_id":"3937","langcode":"ru","delta":"0","field_stage_value":"В процессе. Сделан ремонт. Выставлена на продажу. Есть покупатель за 3 300 000, решаем вопрос по продаже квартиры из под залога."},
{"bundle":"project_stages","deleted":"0","entity_id":"3962","revision_id":"3962","langcode":"ru","delta":"0","field_stage_value":"В процессе."},
{"bundle":"project_stages","deleted":"0","entity_id":"3966","revision_id":"3966","langcode":"ru","delta":"0","field_stage_value":"В процессе."},
{"bundle":"project_stages","deleted":"0","entity_id":"3975","revision_id":"3975","langcode":"ru","delta":"0","field_stage_value":"В процессе."},
{"bundle":"project_stages","deleted":"0","entity_id":"3976","revision_id":"3976","langcode":"ru","delta":"0","field_stage_value":"Машиноместо № 9 продажа за 250.000\r\n100.000 клиент оплатил\r\n150.000 должен вернуть до 10.01.2024\r\nпод 4% на остаток\r\nКлиент собственник с обременением на МП\r\n"},
{"bundle":"project_stages","deleted":"0","entity_id":"4000","revision_id":"4000","langcode":"ru","delta":"0","field_stage_value":"В процессе."},
{"bundle":"project_stages","deleted":"0","entity_id":"4018","revision_id":"4018","langcode":"ru","delta":"0","field_stage_value":"В процессе."},
{"bundle":"project_stages","deleted":"0","entity_id":"4078","revision_id":"4078","langcode":"ru","delta":"0","field_stage_value":"В процессе."},
{"bundle":"project_stages","deleted":"0","entity_id":"4080","revision_id":"4080","langcode":"ru","delta":"0","field_stage_value":"В процессе."},
{"bundle":"project_stages","deleted":"0","entity_id":"4082","revision_id":"4082","langcode":"ru","delta":"0","field_stage_value":"В процессе."},
{"bundle":"project_stages","deleted":"0","entity_id":"4089","revision_id":"4089","langcode":"ru","delta":"0","field_stage_value":"В процессе."},
{"bundle":"project_stages","deleted":"0","entity_id":"4092","revision_id":"4092","langcode":"ru","delta":"0","field_stage_value":"В процессе."},
{"bundle":"project_stages","deleted":"0","entity_id":"4109","revision_id":"4109","langcode":"ru","delta":"0","field_stage_value":"В процессе. Выставлена на продажу. Продажей занимается риэлтор. "},
{"bundle":"project_stages","deleted":"0","entity_id":"4110","revision_id":"4110","langcode":"ru","delta":"0","field_stage_value":"машиноместо № 10 - сдал в аренду 3000 руб в месяц\r\nМашиноместо № 9 - погасил весь долг 150.000, снял с обременения\r\nМашиноместо № 8 - продажа за 250.000\r\n\r\nОсталось продать 3 машиноместа, договоренности уже со всеми есть,\r\n№ 10 сдается в аренду 3000 руб\/мес\r\n№ 11 стоит моя авто, его выкупят через месяц\r\n№ 12 место тоже скоро купят\r\n\r\nОжидаемый приход денег\r\n250.000+250.000+200.000=700.000"},
{"bundle":"project_stages","deleted":"0","entity_id":"4111","revision_id":"4111","langcode":"ru","delta":"0","field_stage_value":"Реализовано 1 место в апреле 2023 года, возвращены доли участия Марафона, выплачена прибыль в размере 10%."},
{"bundle":"project_stages","deleted":"0","entity_id":"4112","revision_id":"4112","langcode":"ru","delta":"0","field_stage_value":"В доме в котором расположены места в апреле 2023 года случился пожар кровли, реализация мест забуксовала((("},
{"bundle":"project_stages","deleted":"0","entity_id":"4124","revision_id":"4124","langcode":"ru","delta":"0","field_stage_value":"В процессе."},
{"bundle":"project_stages","deleted":"0","entity_id":"4140","revision_id":"4140","langcode":"ru","delta":"0","field_stage_value":"В процессе."},
{"bundle":"project_stages","deleted":"0","entity_id":"4148","revision_id":"4148","langcode":"ru","delta":"0","field_stage_value":"В процессе."},
{"bundle":"project_stages","deleted":"0","entity_id":"4197","revision_id":"4197","langcode":"ru","delta":"0","field_stage_value":"В процессе."},
{"bundle":"project_stages","deleted":"0","entity_id":"4255","revision_id":"4255","langcode":"ru","delta":"0","field_stage_value":"В процессе."},
{"bundle":"project_stages","deleted":"0","entity_id":"4256","revision_id":"4256","langcode":"ru","delta":"0","field_stage_value":"Поступил 2 платеж 05.12.2023"},
{"bundle":"project_stages","deleted":"0","entity_id":"4272","revision_id":"4272","langcode":"ru","delta":"0","field_stage_value":"29.12.2023 поступил 1 платеж 15.109₽"},
{"bundle":"project_stages","deleted":"0","entity_id":"4289","revision_id":"4289","langcode":"ru","delta":"0","field_stage_value":"1, 2 ЭТАП - Ноябрь 2023 г.\r\n4 Участка по 617.500₽ каждый\r\nЗаключение договора с СНТ стоимость взноса за участок 100.000₽\r\nЗаключение договора на благоустройство ИП 100.000₽\r\nЭто сумма в моменте при заключении договоров.\r\nИТОГО: 200.000₽ * 4= 800.000₽"},
{"bundle":"project_stages","deleted":"0","entity_id":"4327","revision_id":"4327","langcode":"ru","delta":"0","field_stage_value":"05.12.2023 заключен договор, переданы деньги"},
{"bundle":"project_stages","deleted":"0","entity_id":"4350","revision_id":"4350","langcode":"ru","delta":"0","field_stage_value":"В процессе."},
{"bundle":"project_stages","deleted":"0","entity_id":"4367","revision_id":"4367","langcode":"ru","delta":"0","field_stage_value":"В процессе."},
{"bundle":"project_stages","deleted":"0","entity_id":"4371","revision_id":"4371","langcode":"ru","delta":"0","field_stage_value":"В процессе."},
{"bundle":"project_stages","deleted":"0","entity_id":"4388","revision_id":"4388","langcode":"ru","delta":"0","field_stage_value":"В процессе."},
{"bundle":"project_stages","deleted":"0","entity_id":"4389","revision_id":"4389","langcode":"ru","delta":"0","field_stage_value":"машиноместо № 12, Оплачено 113.000, еще клиент должен 80.000, в МФЦ оформил на него, стоит у Федора в обременении\r\nмашиноместо № 11 - поставил туда свою машину, в январе будет продажа за 250.000\r\nМашиноместо № 10 - полностью выкуплено за 250.000\r\nМашиноместо № 9 - полностью выкуплено за 250.000\r\nМашиноместо № 8 - полностью выкуплено за 250.000\r\n\r\nОсталось продать 1 машино-место №11  договоренности уже со всеми есть,\r\n\r\nОжидаемый приход денег\r\n80.000 от 12 места до 13.03.2024\r\n250.000 от 11 места в январе"},
{"bundle":"project_stages","deleted":"0","entity_id":"4415","revision_id":"4415","langcode":"ru","delta":"0","field_stage_value":"В процессе."},
{"bundle":"project_stages","deleted":"0","entity_id":"4416","revision_id":"4416","langcode":"ru","delta":"0","field_stage_value":"Оплата по договору не поступает. Подготовлено исковое заявление, оплачена госпошлина дело передаем в суд."},
{"bundle":"project_stages","deleted":"0","entity_id":"4445","revision_id":"4445","langcode":"ru","delta":"0","field_stage_value":"В процессе."},
{"bundle":"project_stages","deleted":"0","entity_id":"4480","revision_id":"4480","langcode":"ru","delta":"0","field_stage_value":"В процессе."},
{"bundle":"project_stages","deleted":"0","entity_id":"4492","revision_id":"4492","langcode":"ru","delta":"0","field_stage_value":"В процессе."},
{"bundle":"project_stages","deleted":"0","entity_id":"4559","revision_id":"4559","langcode":"ru","delta":"0","field_stage_value":"В процессе."},
{"bundle":"project_stages","deleted":"0","entity_id":"4577","revision_id":"4577","langcode":"ru","delta":"0","field_stage_value":"В процессе."},
{"bundle":"project_stages","deleted":"0","entity_id":"4623","revision_id":"4623","langcode":"ru","delta":"0","field_stage_value":"В процессе."},
{"bundle":"project_stages","deleted":"0","entity_id":"4634","revision_id":"4634","langcode":"ru","delta":"0","field_stage_value":"В процессе."},
{"bundle":"project_stages","deleted":"0","entity_id":"4667","revision_id":"4667","langcode":"ru","delta":"0","field_stage_value":"В процессе."},
{"bundle":"project_stages","deleted":"0","entity_id":"4668","revision_id":"4668","langcode":"ru","delta":"0","field_stage_value":"Всем привет. Дело принято к рассмотрению в суде. Заседание на 27.02.2024"},
{"bundle":"project_stages","deleted":"0","entity_id":"4681","revision_id":"4681","langcode":"ru","delta":"0","field_stage_value":"В процессе."},
{"bundle":"project_stages","deleted":"0","entity_id":"4683","revision_id":"4683","langcode":"ru","delta":"0","field_stage_value":"В процессе."},
{"bundle":"project_stages","deleted":"0","entity_id":"4695","revision_id":"4695","langcode":"ru","delta":"0","field_stage_value":"В процессе."},
{"bundle":"project_stages","deleted":"0","entity_id":"4696","revision_id":"4696","langcode":"ru","delta":"0","field_stage_value":"29.01.2024 поступил 2 платеж 15.109₽"},
{"bundle":"project_stages","deleted":"0","entity_id":"4737","revision_id":"4737","langcode":"ru","delta":"0","field_stage_value":"Поступил платеж 05.03.2024 сумма 68677 ₽."},
{"bundle":"project_stages","deleted":"0","entity_id":"4764","revision_id":"4764","langcode":"ru","delta":"0","field_stage_value":"В процессе."},
{"bundle":"project_stages","deleted":"0","entity_id":"4766","revision_id":"4766","langcode":"ru","delta":"0","field_stage_value":"В процессе."},
{"bundle":"project_stages","deleted":"0","entity_id":"4823","revision_id":"4823","langcode":"ru","delta":"0","field_stage_value":"В процессе."},
{"bundle":"project_stages","deleted":"0","entity_id":"4830","revision_id":"4830","langcode":"ru","delta":"0","field_stage_value":"В прцоессе."},
{"bundle":"project_stages","deleted":"0","entity_id":"4989","revision_id":"4989","langcode":"ru","delta":"0","field_stage_value":"Актуальная стадия проекта: ведётся поиск покупателя и параллельно производится ремонт в одной из комнат."},
{"bundle":"project_stages","deleted":"0","entity_id":"4992","revision_id":"4992","langcode":"ru","delta":"0","field_stage_value":"В процессе."},
{"bundle":"project_stages","deleted":"0","entity_id":"5126","revision_id":"5125","langcode":"ru","delta":"0","field_stage_value":"В процессе."},
{"bundle":"project_stages","deleted":"0","entity_id":"5135","revision_id":"5134","langcode":"ru","delta":"0","field_stage_value":"В процессе."},
{"bundle":"project_stages","deleted":"0","entity_id":"5136","revision_id":"5135","langcode":"ru","delta":"0","field_stage_value":"1 Платеж поступил 13.02.2024 в сумме 45000 ₽"},
{"bundle":"project_stages","deleted":"0","entity_id":"5137","revision_id":"5136","langcode":"ru","delta":"0","field_stage_value":"Получена установка МГБУ 10.02.2024 г.\r\n\r\nПроект МГБУ\r\nСегодня 14.02.2024 г. заказан насос:\r\nДренажный насос БЕЛАМОС DWP 2200\r\nhttps:\/\/www.vseinstrumenti.ru\/product\/drenazhnyj-nasos-belamos-dwp-2200-514250\/\r\n\r\nДата поступления в Хабаровск:\r\nДата получения: 07.03.2024 после 16:00\r\nСамовывоз из офиса: ул. Павла Морозова, д. 113\r\n\r\nПосле получения у нас будет полный комплект МГБУ и будем производить пуска наладочные работы установки. Готовиться к сезону.\r\n"},
{"bundle":"project_stages","deleted":"0","entity_id":"5143","revision_id":"5142","langcode":"ru","delta":"0","field_stage_value":"В процессе."},
{"bundle":"project_stages","deleted":"0","entity_id":"5145","revision_id":"5144","langcode":"ru","delta":"0","field_stage_value":"Поступил платеж 14.02.2024 от заемщика\r\n1 и 2 сумма 47466₽\r\n\r\nСумма просрочки 1% составила за период 36 суток 162.000₽ Насколько Я Вас понял ситуация не простая и понимаю, что всякое бывает в жизни, но предлагаю поступить таким образом если до окончания нашего с Вами договора не будет просрочки, то пеня не будет выставлена к оплате, если задержки по платежам повториться - просрочка будет учтена к возмещению.\r\n\r\n\r\n\r\n\r\n"},
{"bundle":"project_stages","deleted":"0","entity_id":"5147","revision_id":"5146","langcode":"ru","delta":"0","field_stage_value":"Продал последнее машино-место № 11 за 250.000 руб\r\n\r\nОсталось получить 80 тыс с 12 машино-места\r\nсрок по договору 13.03.2024"},
{"bundle":"project_stages","deleted":"0","entity_id":"5148","revision_id":"5147","langcode":"ru","delta":"0","field_stage_value":"Продал последнее машино-место № 11 за 250.000 руб\r\n\r\nОсталось получить 80 тыс с 12 машино-места\r\nсрок по договору 13.03.2024"},
{"bundle":"project_stages","deleted":"0","entity_id":"5149","revision_id":"5148","langcode":"ru","delta":"0","field_stage_value":"Поступил 3 платеж 05.01.2024\r\nПоступил 4 платеж 05.02.2024 сумма 56412-71"},
{"bundle":"project_stages","deleted":"0","entity_id":"5150","revision_id":"5149","langcode":"ru","delta":"0","field_stage_value":" 3 платеж дата16.02.2024 сумма 15.109₽"},
{"bundle":"project_stages","deleted":"0","entity_id":"5151","revision_id":"5150","langcode":"ru","delta":"0","field_stage_value":"Получено заочное решение. Принято решение на Апелляцию заочного решения - направлена в районы суд 15.02.2024."},
{"bundle":"project_stages","deleted":"0","entity_id":"5167","revision_id":"5166","langcode":"ru","delta":"0","field_stage_value":"В процессе."},
{"bundle":"project_stages","deleted":"0","entity_id":"5176","revision_id":"5175","langcode":"ru","delta":"0","field_stage_value":"В процессе."},
{"bundle":"project_stages","deleted":"0","entity_id":"5186","revision_id":"5185","langcode":"ru","delta":"0","field_stage_value":"В процессе."},
{"bundle":"project_stages","deleted":"0","entity_id":"5256","revision_id":"5255","langcode":"ru","delta":"0","field_stage_value":"В процессе."},
{"bundle":"project_stages","deleted":"0","entity_id":"5344","revision_id":"5343","langcode":"ru","delta":"0","field_stage_value":"В процессе."},
{"bundle":"project_stages","deleted":"0","entity_id":"5345","revision_id":"5344","langcode":"ru","delta":"0","field_stage_value":"Заключено дополнительное соглашение от 21.02.2024 на сумму + 500.000₽ итого сумма по договору 1.797.388,57 ₽ на срок до 28.02.2029 г."},
{"bundle":"project_stages","deleted":"0","entity_id":"5381","revision_id":"5380","langcode":"ru","delta":"0","field_stage_value":"В процессе."},
{"bundle":"project_stages","deleted":"0","entity_id":"5396","revision_id":"5395","langcode":"ru","delta":"0","field_stage_value":"В процессе."},
{"bundle":"project_stages","deleted":"0","entity_id":"5418","revision_id":"5417","langcode":"ru","delta":"0","field_stage_value":"В процессе."},
{"bundle":"project_stages","deleted":"0","entity_id":"5423","revision_id":"5422","langcode":"ru","delta":"0","field_stage_value":"В процессе."},
{"bundle":"project_stages","deleted":"0","entity_id":"5424","revision_id":"5423","langcode":"ru","delta":"0","field_stage_value":"27 февраля суд привлек ИП Воскресенских  (брокер по займу) 3 лицом, заседание назначили на 28 марта."},
{"bundle":"project_stages","deleted":"0","entity_id":"5439","revision_id":"5438","langcode":"ru","delta":"0","field_stage_value":"В процессе."},
{"bundle":"project_stages","deleted":"0","entity_id":"5441","revision_id":"5440","langcode":"ru","delta":"0","field_stage_value":"В процессе."},
{"bundle":"project_stages","deleted":"0","entity_id":"5455","revision_id":"5454","langcode":"ru","delta":"0","field_stage_value":"В процессе."},
{"bundle":"project_stages","deleted":"0","entity_id":"5456","revision_id":"5455","langcode":"ru","delta":"0","field_stage_value":"27 февраля суд привлек ИП Воскресенских  (брокер по займу) 3 лицом, заседание назначили на 28 марта."},
{"bundle":"project_stages","deleted":"0","entity_id":"5457","revision_id":"5456","langcode":"ru","delta":"0","field_stage_value":"2 Платеж поступил 17.03.2024 в сумме 45000 ₽"},
{"bundle":"project_stages","deleted":"0","entity_id":"5498","revision_id":"5497","langcode":"ru","delta":"0","field_stage_value":"В процессе."},
{"bundle":"project_stages","deleted":"0","entity_id":"5510","revision_id":"5509","langcode":"ru","delta":"0","field_stage_value":"В процессе."},
{"bundle":"project_stages","deleted":"0","entity_id":"5520","revision_id":"5519","langcode":"ru","delta":"0","field_stage_value":"В порцессе."},
{"bundle":"project_stages","deleted":"0","entity_id":"5539","revision_id":"5538","langcode":"ru","delta":"0","field_stage_value":"В процессе."},
{"bundle":"project_stages","deleted":"0","entity_id":"5541","revision_id":"5540","langcode":"ru","delta":"0","field_stage_value":"В порцессе."},
{"bundle":"project_stages","deleted":"0","entity_id":"5576","revision_id":"5575","langcode":"ru","delta":"0","field_stage_value":"В процессе."},
{"bundle":"project_stages","deleted":"0","entity_id":"5594","revision_id":"5593","langcode":"ru","delta":"0","field_stage_value":"В ппроцессе."},
{"bundle":"project_stages","deleted":"0","entity_id":"5602","revision_id":"5601","langcode":"ru","delta":"0","field_stage_value":"В процессе."},
{"bundle":"project_stages","deleted":"0","entity_id":"5613","revision_id":"5612","langcode":"ru","delta":"0","field_stage_value":"1. 47.680 ₽- 21.04.2024 за апрель 2024\r\n2. 47.680 ₽- 22.04.2024 за мая 2024"},
{"bundle":"project_stages","deleted":"0","entity_id":"5635","revision_id":"5634","langcode":"ru","delta":"0","field_stage_value":"В процессе."},
{"bundle":"project_stages","deleted":"0","entity_id":"5704","revision_id":"5703","langcode":"ru","delta":"0","field_stage_value":"В процессе."},
{"bundle":"project_stages","deleted":"0","entity_id":"5705","revision_id":"5704","langcode":"ru","delta":"0","field_stage_value":"Внесена оплат за присоединение к электросетям оплатили МП личными средствами Владимир -7600 ₽ Николай - 7600₽."},
{"bundle":"project_stages","deleted":"0","entity_id":"5707","revision_id":"5706","langcode":"ru","delta":"0","field_stage_value":"В процессе."},
{"bundle":"project_stages","deleted":"0","entity_id":"5729","revision_id":"5728","langcode":"ru","delta":"0","field_stage_value":"В процессе."},
{"bundle":"project_stages","deleted":"0","entity_id":"5739","revision_id":"5738","langcode":"ru","delta":"0","field_stage_value":"В процессе."},
{"bundle":"project_stages","deleted":"0","entity_id":"5766","revision_id":"5765","langcode":"ru","delta":"0","field_stage_value":"В процессе."},
{"bundle":"project_stages","deleted":"0","entity_id":"5781","revision_id":"5780","langcode":"ru","delta":"0","field_stage_value":"В процессе."},
{"bundle":"project_stages","deleted":"0","entity_id":"5783","revision_id":"5782","langcode":"ru","delta":"0","field_stage_value":"В процессе."},
{"bundle":"project_stages","deleted":"0","entity_id":"5814","revision_id":"5813","langcode":"ru","delta":"0","field_stage_value":"В процессе."},
{"bundle":"project_stages","deleted":"0","entity_id":"5846","revision_id":"5845","langcode":"ru","delta":"0","field_stage_value":"В процессе."},
{"bundle":"project_stages","deleted":"0","entity_id":"5891","revision_id":"5890","langcode":"ru","delta":"0","field_stage_value":"В процессе."},
{"bundle":"project_stages","deleted":"0","entity_id":"5900","revision_id":"5899","langcode":"ru","delta":"0","field_stage_value":"В процессе."},
{"bundle":"project_stages","deleted":"0","entity_id":"5930","revision_id":"5929","langcode":"ru","delta":"0","field_stage_value":"В процессе."},
{"bundle":"project_stages","deleted":"0","entity_id":"5932","revision_id":"5931","langcode":"ru","delta":"0","field_stage_value":"В процессе."},
{"bundle":"project_stages","deleted":"0","entity_id":"5940","revision_id":"5939","langcode":"ru","delta":"0","field_stage_value":"В процессе."},
{"bundle":"project_stages","deleted":"0","entity_id":"5968","revision_id":"5967","langcode":"ru","delta":"0","field_stage_value":"В процессе."},
{"bundle":"project_stages","deleted":"0","entity_id":"6012","revision_id":"6011","langcode":"ru","delta":"0","field_stage_value":"В процессе."},
{"bundle":"project_stages","deleted":"0","entity_id":"6038","revision_id":"6037","langcode":"ru","delta":"0","field_stage_value":"В процессе."},
{"bundle":"project_stages","deleted":"0","entity_id":"6093","revision_id":"6092","langcode":"ru","delta":"0","field_stage_value":"В процессе."},
{"bundle":"project_stages","deleted":"0","entity_id":"6108","revision_id":"6107","langcode":"ru","delta":"0","field_stage_value":"В процессе."},
{"bundle":"project_stages","deleted":"0","entity_id":"6156","revision_id":"6155","langcode":"ru","delta":"0","field_stage_value":"В процессе."},
{"bundle":"project_stages","deleted":"0","entity_id":"6172","revision_id":"6171","langcode":"ru","delta":"0","field_stage_value":"В процессе."},
{"bundle":"project_stages","deleted":"0","entity_id":"6176","revision_id":"6175","langcode":"ru","delta":"0","field_stage_value":"В процессе."},
{"bundle":"project_stages","deleted":"0","entity_id":"6177","revision_id":"6176","langcode":"ru","delta":"0","field_stage_value":"Поступил платеж 29.05.2024 17.851₽"},
{"bundle":"project_stages","deleted":"0","entity_id":"6269","revision_id":"6268","langcode":"ru","delta":"0","field_stage_value":"В процессе."},
{"bundle":"project_stages","deleted":"0","entity_id":"6279","revision_id":"6278","langcode":"ru","delta":"0","field_stage_value":"В процессе."},
{"bundle":"project_stages","deleted":"0","entity_id":"6320","revision_id":"6319","langcode":"ru","delta":"0","field_stage_value":"В процессе."},
{"bundle":"project_stages","deleted":"0","entity_id":"6392","revision_id":"6391","langcode":"ru","delta":"0","field_stage_value":"В процессе."},
{"bundle":"project_stages","deleted":"0","entity_id":"6423","revision_id":"6422","langcode":"ru","delta":"0","field_stage_value":"В процессе."}
]
}
]
